[
  [
    {
      "name": "Roma",
      "country": "Italy"
    },
    {
      "name": "Man United",
      "country": "England"
    },
    {
      "name": "Porto",
      "country": "Portugal"
    },
    {
      "name": "Ajax",
      "country": "Netherlands"
    },
    {
      "name": "Rangers",
      "country": "Scotland"
    },
    {
      "name": "Frankfurt",
      "country": "Germany"
    },
    {
      "name": "Lazio",
      "country": "Italy"
    },
    {
      "name": "Tottenham",
      "country": "England"
    },
    {
      "name": "Real Sociedad",
      "country": "Spain"
    }
  ],
  [
    {
      "name": "AZ",
      "country": "Netherlands"
    },
    {
      "name": "Braga",
      "country": "Portugal"
    },
    {
      "name": "Olympiacos",
      "country": "Greece"
    },
    {
      "name": "Lille",
      "country": "France"
    },
    {
      "name": "Lyon",
      "country": "France"
    },
    {
      "name": "PAOK",
      "country": "Greece"
    },
    {
      "name": "LASK",
      "country": "Austria"
    },
    {
      "name": "Fenerbahçe",
      "country": "Türkiye"
    },
    {
      "name": "M Tel-Aviv",
      "country": "Israel"
    }
  ],
  [
    {
      "name": "Ferencváros",
      "country": "Hungary"
    },
    {
      "name": "Qarabağ",
      "country": "Azerbaijan"
    },
    {
      "name": "Galatasaray",
      "country": "Türkiye"
    },
    {
      "name": "Molde",
      "country": "Norway"
    },
    {
      "name": "Plzeň",
      "country": "Czechia"
    },
    {
      "name": "Bodø/Glimt",
      "country": "Norway"
    },
    {
      "name": "Union SG",
      "country": "Belgium"
    },
    {
      "name": "Dynamo Kyiv",
      "country": "Ukraine"
    },
    {
      "name": "Ludogorets",
      "country": "Bulgaria"
    }
  ],
  [
    {
      "name": "Midtjylland",
      "country": "Denmark"
    },
    {
      "name": "Partizan",
      "country": "Serbia"
    },
    {
      "name": "Malmö",
      "country": "Sweden"
    },
    {
      "name": "Athletic",
      "country": "Spain"
    },
    {
      "name": "Hoffenheim",
      "country": "Germany"
    },
    {
      "name": "Nice",
      "country": "France"
    },
    {
      "name": "APOEL",
      "country": "Cyprus"
    },
    {
      "name": "Anderlecht",
      "country": "Belgium"
    },
    {
      "name": "Twente",
      "country": "Netherlands"
    }
  ]
]
