{
  "England": [
    "Bournemouth",
    "Arsenal",
    "Brighton",
    "Burnley",
    "Chelsea",
    "Crystal Palace",
    "Everton",
    "Huddersfield",
    "Leicester",
    "Liverpool",
    "Man City",
    "Man United",
    "Newcastle",
    "Southampton",
    "Stoke",
    "Watford",
    "Swansea",
    "Tottenham",
    "West Brom",
    "West Ham",
    "Leeds",
    "Birmingham",
    "Aston Villa",
    "Norwich",
    "Hull",
    "Fulham",
    "Wigan",
    "Wolverhampton"
  ],
  "Spain": [
    "Alavés",
    "Athletic",
    "Atlético",
    "Barcelona",
    "Celta",
    "Deportivo",
    "Eibar",
    "Espanyol",
    "Getafe",
    "Girona",
    "Las Palmas",
    "Leganés",
    "Levante",
    "Málaga",
    "Betis",
    "Real Madrid",
    "Real Sociedad",
    "Sevilla",
    "Valencia",
    "Villarreal",
    "Elche",
    "Cádiz",
    "Tarragona",
    "Recreativo",
    "Almería"
  ],
  "Italy": [
    "Atalanta",
    "Benevento",
    "Bologna",
    "Cagliari",
    "Chievo",
    "Crotone",
    "Fiorentina",
    "Genoa",
    "Verona",
    "Juventus",
    "Roma",
    "Napoli",
    "Lazio",
    "Milan",
    "Internazionale",
    "Torino",
    "Sampdoria",
    "Sassuolo",
    "Udinese",
    "Chievo",
    "Empoli",
    "Palermo",
    "Pescara",
    "Livorno",
    "Siena",
    "Parma",
    "Bari",
    "Pisa"
  ],
  "Germany": [
    "Mainz",
    "Frankfurt",
    "Köln",
    "Dortmund",
    "Bremen",
    "Mönchengladbach",
    "Darmstadt",
    "Leipzig",
    "Bayern",
    "Freiburg",
    "Ingolstadt",
    "Schalke",
    "Hamburg",
    "Wolfsburg",
    "Hertha",
    "Leverkusen",
    "Hoffenheim",
    "Augsburg",
    "Stuttgart",
    "Nürnberg",
    "Duisburg",
    "Kaiserslautern",
    "Aachen",
    "Energie",
    "Hannover"
  ],
  "France": [
    "Angers",
    "Montpellier",
    "Guingamp",
    "Metz",
    "Lille",
    "Nantes",
    "Lorient",
    "Bordeaux",
    "Lyon",
    "Nice",
    "Marseille",
    "Bastia",
    "Nancy",
    "St-Étienne",
    "Paris",
    "Caen",
    "Rennes",
    "Monaco",
    "Toulouse",
    "Dijon",
    "Auxerre",
    "Strasbourg",
    "Châteauroux",
    "Lens"
  ],
  "Russia": [
    "CSKA",
    "Lokomotiv",
    "Zenit",
    "Spartak",
    "Rostov",
    "Rubin",
    "Anji",
    "Alania",
    "Krasnodar",
    "Dinamo Moskva",
    "Ufa"
  ],
  "Portugal": [
    "Porto",
    "Benfica",
    "Sporting CP",
    "Braga",
    "Boavista",
    "Nacional",
    "Guimarães",
    "Marítimo",
    "Paços Ferreira",
    "Estoril",
    "Belenenses",
    "Académica"
  ],
  "Netherlands": [
    "PSV",
    "Ajax",
    "AZ",
    "Feyenoord",
    "Twente",
    "Groningen",
    "Utrecht",
    "Roda",
    "Heerenveen",
    "NAC",
    "NEC",
    "Zwolle",
    "Vitesse"
  ],
  "Belgium": [
    "Anderlecht",
    "Standard",
    "Club Brugge",
    "Genk",
    "Gent",
    "Lokeren",
    "Zulte Waregem"
  ],
  "Ukraine": [
    "Dynamo",
    "Shakhtar",
    "Metalist",
    "Karpaty",
    "Dnipro",
    "Olexandria",
    "Zorya",
    "Chornomorets",
    "Vorskla"
  ],
  "Turkey": [
    "Bursaspor",
    "Konyaspor",
    "Galatasaray",
    "Fenerbahçe",
    "Beşiktaş",
    "Trabzonspor",
    "Başakşehir",
    "Kayserispor",
    "Osmanlıspor",
    "Akhisarspor"
  ],
  "Romania": [
    "Steaua",
    "Dinamo București",
    "Rapid București",
    "CFR Cluj",
    "Unirea",
    "Oțelul",
    "Astra",
    "Poli Timișoara",
    "Pandurii",
    "Vaslui"
  ],
  "Czechia": [
    "Sparta",
    "Slavia",
    "Plzeň",
    "Bohemians",
    "Brno",
    "Mladá Boleslav",
    "Zlín",
    "Liberec",
    "Jablonec"
  ],
  "Slovakia": [
    "Petržalka",
    "Ružomberok",
    "Žilina",
    "Slovan",
    "Trenčín",
    "Spartak Trnava"
  ],
  "Switzerland": [
    "Basel",
    "Zürich",
    "Thun",
    "Grasshoppers",
    "Young Boys",
    "Sevettte",
    "Lugano",
    "Lausanne",
    "Sion",
    "St Gallen",
    "Luzern"
  ],
  "Austria": [
    "Austria Wien",
    "Rapid Wien",
    "Salzburg",
    "Sturm",
    "Altach",
    "Admira",
    "Wolfsberg"
  ],
  "Belarus": [
    "BATE",
    "Dinamo Minsk"
  ],
  "Kazakhstan": [
    "Astana",
    "Kairat",
    "Irtysh",
    "Shakhter",
    "Aktobe",
    "Ordabasy"
  ],
  "Norway": [
    "Rosenborg",
    "Vålerenga",
    "Start",
    "Brann",
    "Viking",
    "Odd",
    "Molde",
    "Sarpsborg",
    "Tromsø"
  ],
  "Moldova": [
    "Sheriff"
  ],
  "Sweden": [
    "Malmö",
    "Elfsborg",
    "Norrköping",
    "Trelleborg",
    "AIK",
    "Helsingborg",
    "Östersund"
  ],
  "Scotland": [
    "Celtic",
    "Rangers",
    "Aberdeen",
    "Motherwell",
    "Dundee",
    "Dundee United",
    "Partick",
    "Hearts"
  ],
  "Poland": [
    "Legia",
    "Wisła Kraków",
    "Śląsk",
    "Lech"
  ],
  "Serbia": [
    "Partizan",
    "Crvena zvezda",
    "Vojvodina"
  ],
  "Israel": [
    "M. Haifa",
    "Bnei Yehuda",
    "H. Haifa",
    "H. Tel-Aviv",
    "M. Tel-Aviv",
    "Beitar Jerusalem",
    "M. Petach-Tikva",
    "H. Kiryat Shmona",
    "H. Beer-Sheva"
  ],
  "Hungary": [
    "Debrecen",
    "Újpest",
    "Ferencváros",
    "Vidi",
    "Fehérvár"
  ],
  "Croatia": [
    "Dinamo Zagreb",
    "Hajduk",
    "Rijeka"
  ],
  "Slovenia": [
    "Domžale",
    "Olimpija Ljubljana",
    "Maribor"
  ],
  "Greece": [
    "Olympiacos",
    "Panathinaikos",
    "AEK",
    "PAOK",
    "Xanthi",
    "Panionios",
    "Aris",
    "Asteras"
  ],
  "Denmark": [
    "København",
    "Brøndby",
    "Nordsjælland",
    "Midtjylland",
    "AaB",
    "Lyngby",
    "Esbjerg",
    "OB"
  ],
  "Bulgaria": [
    "Levski",
    "CSKA Sofia",
    "Ludogorets",
    "Litex",
    "Lokomotiv Sofia"
  ],
  "Cyprus": [
    "Anorthosis",
    "APOEL",
    "Omonia",
    "AEL",
    "Apollon"
  ],
  "Azerbaijan": [
    "Qarabağ",
    "Qäbälä",
    "Neftçi"
  ],
  "Latvia": [
    "Ventspils"
  ],
  "Finland": [
    "HJK"
  ],
  "Albania": [
    "Skënderbeu",
    "Kukës",
    "Partizani",
    "Vllaznia"
  ],
  "North Macedonia": [
    "Shkëndija",
    "Vardar",
    "Rabotnički"
  ],
  "Luxembourg": [
    "Dudelange"
  ],
  "Lithuania": [
    "Sūduva"
  ]
}
